"Player","P2p","P3p","FTp","FTA","P2A","P3A","BLKp","TOVp","ASTp","REBp","PTSp","STLp"
"Taurean Prince",0.461389961389961,0.385120350109409,0.844444444444444,180,518,457,0.0170454545454545,0.0775162337662338,0.0868506493506493,0.157873376623377,0.469967532467532,0.0344967532467532
"Dennis Schroder",0.479638009049774,0.290076335877863,0.849056603773585,265,884,262,0.00288739172281039,0.088065447545717,0.200673724735322,0.10009624639076,0.626082771896054,0.0346487006737247
"Kent Bazemore",0.437810945273632,0.394160583941606,0.796019900497512,201,402,274,0.0251537171604248,0.0877585243152599,0.127445500279486,0.138624930128563,0.467300167691448,0.0558971492453885
"John Collins",0.598393574297189,0.340425531914894,0.71505376344086,186,498,47,0.0448179271708683,0.0588235294117647,0.0549019607843137,0.303081232492997,0.435294117647059,0.0263305322128852
"Dewayne Dedmon",0.595238095238095,0.354609929078014,0.779069767441861,86,336,141,0.0330739299610895,0.0557717250324254,0.0583657587548638,0.317120622568093,0.400129701686122,0.0259403372243839
"Marco Belinelli",0.449579831932773,0.37246963562753,0.926605504587156,109,238,247,0.00247933884297521,0.0446280991735537,0.0851239669421488,0.0826446280991736,0.488429752066116,0.0380165289256198
"Ersan Ilyasova",0.532467532467532,0.358823529411765,0.8,90,231,170,0.014468085106383,0.0365957446808511,0.0434042553191489,0.213617021276596,0.426382978723404,0.0374468085106383
"Isaiah Taylor",0.461290322580645,0.25,0.702127659574468,141,310,80,0.00856898029134533,0.0719794344473008,0.176520994001714,0.0805484147386461,0.381319622964867,0.0291345329905741
"Mike Muscala",0.558620689655172,0.37125748502994,0.919354838709677,62,145,167,0.0254716981132075,0.039622641509434,0.0481132075471698,0.216981132075472,0.382075471698113,0.0292452830188679
"Malcolm Delaney",0.391304347826087,0.370967741935484,0.804347826086957,92,161,124,0.00591715976331361,0.0650887573964497,0.160749506903353,0.0986193293885602,0.333333333333333,0.0345167652859961
"Tyler Dorsey",0.39344262295082,0.361809045226131,0.714285714285714,63,183,199,0.00513347022587269,0.0379876796714579,0.0811088295687885,0.13347022587269,0.415811088295688,0.0174537987679671
"Miles Plumlee",0.583333333333333,0,0.45,60,180,0,0.0326797385620915,0.0686274509803922,0.0490196078431373,0.248366013071895,0.258169934640523,0.0185185185185185
"Luke Babbitt",0.543859649122807,0.441441441441441,0.772727272727273,22,57,111,0.0087719298245614,0.0263157894736842,0.0456140350877193,0.142105263157895,0.396491228070175,0.012280701754386
"Tyler Cavanaugh",0.555555555555556,0.359550561797753,0.80952380952381,21,63,89,0.00772200772200772,0.027027027027027,0.0521235521235521,0.245173745173745,0.353281853281853,0.0173745173745174
"Jayson Tatum",0.492411467116358,0.433884297520661,0.825581395348837,258,593,242,0.0237413016782644,0.0466639377814163,0.0523945968072043,0.164551780597626,0.455178059762587,0.0339746213671715
"Al Horford",0.514231499051233,0.429203539823009,0.783333333333333,120,527,226,0.0342555994729908,0.0579710144927536,0.148880105401845,0.23276240667545,0.407114624505929,0.0188844971453667
"Jaylen Brown",0.507042253521127,0.395424836601307,0.643776824034335,233,497,306,0.0120817843866171,0.0576208178438662,0.0529739776951673,0.160780669144981,0.472583643122677,0.0325278810408922
"Terry Rozier",0.409547738693467,0.380597014925373,0.771812080536913,149,398,402,0.00918762088974855,0.0386847195357834,0.112185686653772,0.181818181818182,0.435203094777563,0.0386847195357834
"Kyrie Irving",0.541176470588235,0.407862407862408,0.888888888888889,261,680,407,0.00880372863801139,0.0725012946659762,0.158467115484205,0.117555670636976,0.759192128430865,0.0336613153806318
"Marcus Smart",0.428571428571429,0.301204819277108,0.729323308270677,133,266,249,0.0142503097893432,0.0799256505576208,0.160470879801735,0.117100371747212,0.340768277571252,0.0439900867410161
"Aron Baynes",0.487058823529412,0.142857142857143,0.756410256410256,78,425,21,0.034366576819407,0.0539083557951483,0.0626684636118598,0.292452830188679,0.324797843665768,0.0148247978436658
"Marcus Morris",0.46684350132626,0.367521367521368,0.805194805194805,154,377,234,0.00832177531206657,0.0450762829403606,0.0499306518723994,0.200416088765603,0.509015256588072,0.0242718446601942
"Semi Ojeleye",0.396825396825397,0.32,0.609756097560976,41,63,125,0.00347826086956522,0.0217391304347826,0.0173913043478261,0.14,0.169565217391304,0.0182608695652174
"Daniel Theis",0.617142857142857,0.310344827586207,0.753086419753086,81,175,58,0.0512820512820513,0.0598290598290598,0.0598290598290598,0.292735042735043,0.353632478632479,0.032051282051282
"Shane Larkin",0.398496240601504,0.36046511627907,0.864864864864865,37,133,86,0.00258064516129032,0.0425806451612903,0.126451612903226,0.118709677419355,0.298064516129032,0.0374193548387097
"Abdel Nader",0.321428571428571,0.353846153846154,0.58974358974359,39,84,65,0.0191570881226054,0.0651340996168582,0.0498084291187739,0.136015325670498,0.279693486590038,0.028735632183908
"Spencer Dinwiddie",0.451851851851852,0.325635103926097,0.813432835820896,268,405,433,0.00997398091934085,0.0555073720728534,0.227233304423244,0.112315698178664,0.436686903729402,0.0294882914137034
"Allen Crabbe",0.461016949152542,0.37781954887218,0.851851851851852,135,295,532,0.0159308147473828,0.0355029585798817,0.0532544378698225,0.147473827947201,0.450614474283113,0.0213928083750569
"DeMarre Carroll",0.456852791878173,0.370843989769821,0.764227642276423,246,394,391,0.0137614678899083,0.0472477064220184,0.0674311926605505,0.219724770642202,0.450917431192661,0.0270642201834862
"Joe Harris",0.5893536121673,0.418994413407821,0.826923076923077,104,263,358,0.0101317122593718,0.0460992907801418,0.0648429584599797,0.131712259371834,0.428571428571429,0.0177304964539007
"Rondae HollisJefferson",0.491044776119403,0.240740740740741,0.787974683544304,316,670,54,0.025,0.0630208333333333,0.0869791666666667,0.2390625,0.492708333333333,0.0338541666666667
"Caris LeVert",0.479591836734694,0.346938775510204,0.711229946524064,187,490,245,0.0118025751072961,0.0820815450643777,0.160407725321888,0.139484978540773,0.460300429184549,0.0439914163090129
"Jarrett Allen",0.599476439790576,0.333333333333333,0.775510204081633,147,382,15,0.0610687022900763,0.0569049271339348,0.0340041637751561,0.269257460097155,0.40735600277585,0.0194309507286607
"Quincy Acy",0.383561643835616,0.349315068493151,0.816666666666667,60,73,292,0.0213392200147167,0.0441501103752759,0.0419426048565121,0.189109639440765,0.30242825607064,0.0242825607064018
"DAngelo Russell",0.477157360406091,0.323741007194245,0.740458015267176,131,394,278,0.0137763371150729,0.119124797406807,0.201782820097245,0.153160453808752,0.602106969205835,0.0291734197730956
"Tyler Zeller",0.566502463054187,0.384615384615385,0.666666666666667,60,203,26,0.0298719772403983,0.0497866287339972,0.0398293029871977,0.275960170697013,0.42674253200569,0.0113798008534851
"Kemba Walker",0.468503937007874,0.384359400998336,0.864285714285714,420,762,601,0.0087719298245614,0.0654239766081871,0.162280701754386,0.0906432748538012,0.646929824561403,0.0332602339181287
"Dwight Howard",0.558628318584071,0.142857142857143,0.573883161512027,582,904,7,0.0531871701177426,0.0844498578968737,0.0426309378806334,0.410881039382866,0.546894031668697,0.0194884287454324
"Marvin Williams",0.511627906976744,0.413114754098361,0.829268292682927,123,258,305,0.0189431704885344,0.032901296111665,0.0478564307078764,0.18444666001994,0.370887337986042,0.0279162512462612
"Nicolas Batum",0.473404255319149,0.335766423357664,0.830769230769231,130,376,274,0.0116102978293791,0.066128218071681,0.176173649671883,0.154467440686522,0.373548712771328,0.0328117112569409
"Jeremy Lamb",0.494809688581315,0.37007874015748,0.860576923076923,208,578,254,0.016268429079817,0.0472801220132181,0.0945602440264362,0.164717844433147,0.525165226232842,0.0310116929334011
"Michael KiddGilchrist",0.505376344086022,0,0.684210526315789,171,558,2,0.0172972972972973,0.0286486486486486,0.0383783783783784,0.163243243243243,0.368108108108108,0.0275675675675676
"Frank Kaminsky",0.459276018099547,0.37956204379562,0.798969072164949,194,442,274,0.0103542234332425,0.0359673024523161,0.070299727520436,0.156948228882834,0.47574931880109,0.0196185286103542
"Treveon Graham",0.451612903225806,0.412371134020619,0.694915254237288,59,124,97,0.0019047619047619,0.0257142857142857,0.0561904761904762,0.115238095238095,0.26,0.0314285714285714
"Malik Monk",0.384615384615385,0.34156378600823,0.842105263157895,38,182,243,0.0105386416861827,0.0573770491803279,0.10655737704918,0.0772833723653396,0.492974238875878,0.0234192037470726
"Michael CarterWilliams",0.364705882352941,0.23728813559322,0.820224719101124,89,170,59,0.0275449101796407,0.0622754491017964,0.138922155688623,0.165269461077844,0.28622754491018,0.0526946107784431
"Dwayne Bacon",0.409395973154362,0.255813953488372,0.8,25,149,43,0.00280504908835905,0.032258064516129,0.0532959326788219,0.173913043478261,0.245441795231417,0.0224403927068724
"Cody Zeller",0.542483660130719,0.666666666666667,0.717647058823529,85,153,3,0.0334928229665072,0.0526315789473684,0.0494417862838915,0.282296650717703,0.371610845295056,0.0223285486443381
"Justin Holiday",0.387387387387387,0.358574610244989,0.823170731707317,164,333,449,0.0136865342163355,0.0410596026490066,0.0675496688741722,0.128476821192053,0.386754966887417,0.0353200883002208
"Denzel Valentine",0.45014245014245,0.386486486486486,0.745098039215686,51,351,370,0.00525059665871122,0.047255369928401,0.116467780429594,0.187589498806683,0.373747016706444,0.0310262529832936
"Lauri Markkanen",0.496746203904555,0.361596009975062,0.843373493975904,166,461,401,0.0198019801980198,0.0410891089108911,0.0391089108910891,0.251485148514851,0.511386138613861,0.0193069306930693
"Robin Lopez",0.535657686212361,0.285714285714286,0.755555555555556,90,631,14,0.0313609467455621,0.0633136094674556,0.0733727810650888,0.171597633136095,0.447337278106509,0.00828402366863905
"Jerian Grant",0.468354430379747,0.32620320855615,0.74468085106383,188,316,187,0.00474495848161329,0.0527876631079478,0.202846975088968,0.102016607354686,0.367141162514828,0.0373665480427046
"David Nwaba",0.495956873315364,0.346153846153846,0.655172413793104,203,371,52,0.0176184690157959,0.0467800729040097,0.06318347509113,0.198055893074119,0.337181044957473,0.0358444714459295
"Bobby Portis",0.513605442176871,0.358744394618834,0.769230769230769,156,588,223,0.0139987827145466,0.0626902008520998,0.0748630553864881,0.303104077906269,0.586731588557517,0.0304321363359708
"Kris Dunn",0.456766917293233,0.32089552238806,0.736842105263158,114,532,134,0.0177049180327869,0.0983606557377049,0.20327868852459,0.144918032786885,0.458360655737705,0.0681967213114754
"Cristiano Felicio",0.596244131455399,0,0.666666666666667,81,213,2,0.0112589559877175,0.0552712384851586,0.0562947799385875,0.238485158648925,0.31525076765609,0.0163766632548618
"Paul Zipser",0.354838709677419,0.336363636363636,0.76,25,124,110,0.0182038834951456,0.0521844660194175,0.0558252427184466,0.158980582524272,0.264563106796116,0.0242718446601942
"Zach LaVine",0.405172413793103,0.341463414634146,0.813084112149533,107,232,123,0.00609756097560976,0.0655487804878049,0.109756097560976,0.143292682926829,0.611280487804878,0.0365853658536585
"Nikola Mirotic",0.524822695035461,0.428571428571429,0.822784810126582,79,141,161,0.0209003215434084,0.0498392282958199,0.0627009646302251,0.255627009646302,0.67524115755627,0.0241157556270096
"Cameron Payne",0.419354838709677,0.384615384615385,0.75,16,124,91,0.0154639175257732,0.0618556701030928,0.194158075601375,0.118556701030928,0.379725085910653,0.0446735395189003
"LeBron James",0.603066439522998,0.366995073891626,0.730696798493409,531,1174,406,0.0234633179114342,0.114672835426305,0.246860541969597,0.234302709847984,0.743886318572373,0.0383344348975545
"JR Smith",0.453271028037383,0.375328083989501,0.696428571428571,56,214,381,0.00490196078431373,0.036096256684492,0.0628342245989305,0.104723707664884,0.295008912655971,0.0303030303030303
"Jeff Green",0.540178571428571,0.311764705882353,0.867521367521368,234,448,170,0.0185995623632385,0.0410284463894967,0.0541575492341357,0.134573304157549,0.462800875273523,0.0224288840262582
"Kevin Love",0.493734335839599,0.415151515151515,0.879699248120301,266,399,330,0.0145366444579043,0.0545124167171411,0.0623864324651726,0.330708661417323,0.62931556632344,0.0260448213204119
"Kyle Korver",0.537037037037037,0.436170212765958,0.888888888888889,72,108,376,0.01715374841169,0.0349428208386277,0.0559085133418043,0.104828462515883,0.426937738246506,0.0196950444726811
"Jae Crowder",0.508021390374332,0.328042328042328,0.847826086956522,92,187,189,0.00891530460624071,0.0312035661218425,0.0430906389301634,0.12852897473997,0.337295690936107,0.0304606240713224
"Tristan Thompson",0.561702127659575,0,0.544303797468354,79,235,0,0.0158582089552239,0.0335820895522388,0.0307835820895522,0.328358208955224,0.286380597014925,0.0149253731343284
"Dwyane Wade",0.47945205479452,0.328571428571429,0.701492537313433,134,365,70,0.0299345182413471,0.0860617399438728,0.152478952291862,0.169317118802619,0.479887745556595,0.039289055191768
"Jose Calderon",0.545454545454545,0.463917525773196,0.8,30,88,97,0.00218818380743982,0.0448577680525164,0.12800875273523,0.0919037199124726,0.278993435448578,0.0295404814004376
"Cedi Osman",0.585858585858586,0.367816091954023,0.565217391304348,46,99,87,0.00446428571428571,0.0476190476190476,0.0610119047619048,0.178571428571429,0.354166666666667,0.0327380952380952
"George Hill",0.509090909090909,0.350649350649351,0.804878048780488,41,110,77,0.0224215246636771,0.0418535127055306,0.100149476831091,0.0956651718983558,0.337817638266069,0.0328849028400598
"Jordan Clarkson",0.486033519553073,0.407407407407407,0.810344827586207,58,179,108,0.00474683544303797,0.0506329113924051,0.0759493670886076,0.0917721518987342,0.558544303797468,0.0300632911392405
"Channing Frye",0.683544303797468,0.333333333333333,0.933333333333333,15,79,90,0.0220183486238532,0.0311926605504587,0.0513761467889908,0.201834862385321,0.388990825688073,0.0311926605504587
"Rodney Hood",0.4921875,0.352112676056338,0.8125,32,128,71,0.0093984962406015,0.0131578947368421,0.056390977443609,0.101503759398496,0.426691729323308,0.0281954887218045
"Harrison Barnes",0.477714285714286,0.357357357357357,0.827476038338658,313,875,333,0.00531511009870919,0.0447987851176917,0.0577069096431283,0.177676537585421,0.55125284738041,0.0186028853454822
"Yogi Ferrell",0.477088948787062,0.373259052924791,0.796116504854369,103,371,359,0.00394563787812363,0.0341955282770715,0.0881192459447611,0.10916264796142,0.367382726874178,0.0280578693555458
"Wesley Matthews",0.440677966101695,0.380597014925373,0.821782178217822,101,295,402,0.00750821210699202,0.0389488503050211,0.0807132801501642,0.0929141248240263,0.376349131862975,0.0356640075082121
"Dennis Smith Jr",0.435036496350365,0.312684365781711,0.694300518134715,193,685,339,0.00878477306002928,0.0946803318692045,0.174719375305027,0.126891166422645,0.511469009272816,0.0346510492923377
"Dirk Nowitzki",0.494061757719715,0.409495548961424,0.898148148148148,108,421,337,0.0236842105263158,0.0268421052631579,0.0631578947368421,0.230526315789474,0.487894736842105,0.0226315789473684
"Dwight Powell",0.65606936416185,0.333333333333333,0.718918918918919,185,346,84,0.0191387559808612,0.0352870813397129,0.0544258373205742,0.26555023923445,0.401315789473684,0.0400717703349282
"JJ Barea",0.49867374005305,0.36741214057508,0.784313725490196,102,377,313,0.00187149095446039,0.0892077354959451,0.270742358078603,0.125389893948846,0.499688084840923,0.0218340611353712
"Maxi Kleber",0.613259668508287,0.3125,0.745762711864407,59,181,128,0.038971807628524,0.0248756218905473,0.0422885572139304,0.194029850746269,0.320066334991708,0.021558872305141
"Devin Harris",0.465408805031447,0.352,0.830357142857143,112,159,125,0.00991325898389095,0.0607187112763321,0.105328376703841,0.105328376703841,0.462205700123916,0.0408921933085502
"Salah Mejri",0.656716417910448,0,0.575757575757576,66,134,3,0.0919067215363512,0.0534979423868313,0.0480109739368999,0.337448559670782,0.293552812071331,0.0301783264746228
"Doug McDermott",0.465346534653465,0.493670886075949,0.857142857142857,28,101,79,0.00671140939597315,0.0369127516778524,0.0486577181208054,0.110738255033557,0.394295302013423,0.0151006711409396
"Will Barton",0.50990099009901,0.369668246445498,0.805309734513274,226,606,422,0.0193812896011927,0.0555348490495714,0.123369362653746,0.152441297055535,0.47260529258293,0.03056280283265
"Jamal Murray",0.501597444089457,0.378440366972477,0.905138339920949,253,626,436,0.010916179337232,0.067056530214425,0.10682261208577,0.115789473684211,0.527095516569201,0.0307992202729045
"Nikola Jokic",0.538356164383562,0.396428571428571,0.849840255591054,313,730,280,0.0249693000409333,0.0859598853868195,0.187474416700778,0.328694228407695,0.566925910765452,0.0368399508800655
"Wilson Chandler",0.501298701298701,0.357723577235772,0.771929824561403,114,385,246,0.0166240409207161,0.0392156862745098,0.0677749360613811,0.169650468883205,0.314578005115089,0.0183290707587383
"Gary Harris",0.552529182879377,0.395939086294416,0.827160493827161,162,514,394,0.00651041666666667,0.0516493055555556,0.0842013888888889,0.0763888888888889,0.5078125,0.0529513888888889
"Mason Plumlee",0.602179836512262,0,0.458100558659218,179,367,1,0.0562890896455872,0.0715774843641418,0.098679638637943,0.277970813064628,0.364141765114663,0.034051424600417
"Trey Lyles",0.563253012048193,0.380733944954128,0.706293706293706,143,332,218,0.0244428468727534,0.0438533429187635,0.0654205607476635,0.249460819554277,0.520488856937455,0.0215672178289001
"Paul Millsap",0.506211180124224,0.345132743362832,0.695652173913043,161,322,113,0.0384951881014873,0.0638670166229221,0.0918635170603675,0.214348206474191,0.485564304461942,0.0341207349081365
"Emmanuel Mudiay",0.413636363636364,0.372549019607843,0.807692307692308,78,220,102,0.00531914893617021,0.0957446808510638,0.160904255319149,0.125,0.477393617021277,0.0279255319148936
"Torrey Craig",0.569620253164557,0.293103448275862,0.628571428571429,35,79,58,0.0238473767885533,0.0317965023847377,0.0397456279809221,0.201907790143084,0.259141494435612,0.0190779014308426
"Malik Beasley",0.46875,0.341463414634146,0.666666666666667,33,96,82,0.0120068610634648,0.0411663807890223,0.0531732418524871,0.121783876500858,0.336192109777015,0.0257289879931389
"Devin Harris",0.5,0.343137254901961,0.844827586206896,58,68,102,0.0075046904315197,0.050656660412758,0.125703564727955,0.0787992495309568,0.416510318949343,0.026266416510319
"Andre Drummond",0.535632183908046,0,0.605063291139241,395,870,11,0.0483809523809524,0.0761904761904762,0.0902857142857143,0.475047619047619,0.446095238095238,0.0434285714285714
"Ish Smith",0.505714285714286,0.346534653465347,0.698275862068966,116,700,101,0.00978952520802741,0.052863436123348,0.176211453744493,0.109642682329907,0.437591776798825,0.0313264806656877
"Stanley Johnson",0.438650306748466,0.286324786324786,0.772413793103448,145,326,234,0.00739176346356917,0.0406546990496304,0.0591341077085533,0.133051742344245,0.316261879619852,0.0501583949313622
"Anthony Tolliver",0.560747663551402,0.435616438356164,0.796992481203007,133,107,365,0.0119521912350598,0.0330108138873079,0.0512236767216847,0.1371656232214,0.400113830392715,0.0182128628343768
"Reggie Bullock",0.535849056603774,0.444839857651246,0.795918367346939,49,265,281,0.00750577367205543,0.0271362586605081,0.0548498845265589,0.0889145496535797,0.403002309468822,0.0271362586605081
"Tobias Harris",0.478060046189376,0.409420289855072,0.845588235294118,136,433,276,0.00959692898272553,0.0326295585412668,0.0601407549584133,0.156110044785669,0.555342290467051,0.0217530390275112
"Luke Kennard",0.462962962962963,0.415384615384615,0.855263157894737,76,270,195,0.00888585099111415,0.0471633629528366,0.0847573479152427,0.120300751879699,0.381408065618592,0.0300751879699248
"Avery Bradley",0.422872340425532,0.381443298969072,0.7625,80,376,194,0.0055205047318612,0.0733438485804416,0.0654574132492114,0.0741324921135647,0.47397476340694,0.0362776025236593
"Reggie Jackson",0.475490196078431,0.307692307692308,0.835820895522388,134,408,169,0.00333055786844296,0.0824313072439634,0.198168193172356,0.104079933388843,0.546211490424646,0.02248126561199
"Langston Galloway",0.418032786885246,0.344036697247706,0.804878048780488,41,122,218,0.00579374275782155,0.0208574739281576,0.06720741599073,0.106604866743917,0.417149478563152,0.0405561993047509
"Blake Griffin",0.473498233215548,0.348148148148148,0.783783783783784,111,283,135,0.0108303249097473,0.0794223826714801,0.186522262334537,0.199759326113117,0.596871239470517,0.01323706377858
"Eric Moreland",0.540983606557377,0,0.379310344827586,29,122,0,0.0633540372670807,0.0521739130434783,0.0968944099378882,0.345341614906832,0.177639751552795,0.0385093167701863
"James Ennis III",0.56989247311828,0.304347826086957,0.767441860465116,43,93,69,0.0108892921960073,0.0326678765880218,0.0399274047186933,0.121597096188748,0.366606170598911,0.0272232304900181
"Klay Thompson",0.525835866261398,0.440384615384615,0.836734693877551,98,658,520,0.0135782747603834,0.0511182108626198,0.0738817891373802,0.110623003194888,0.583466453674121,0.0219648562300319
"Kevin Durant",0.564894932014833,0.418886198547215,0.888613861386139,404,809,413,0.0511827956989247,0.0890322580645161,0.15741935483871,0.199569892473118,0.770752688172043,0.021505376344086
"Draymond Green",0.56198347107438,0.30078125,0.774566473988439,173,363,256,0.039790118058592,0.0883253170091823,0.222125054656756,0.233930913860953,0.337997376475732,0.0411018801923918
"Stephen Curry",0.59504132231405,0.42315369261477,0.920529801324503,302,363,501,0.00490496627835684,0.0938074800735745,0.190067443286327,0.160024524831392,0.825260576333538,0.0490496627835684
"Andre Iguodala",0.566502463054187,0.282051282051282,0.632183908045977,87,203,117,0.0234278668310728,0.0413070283600493,0.129469790382244,0.151664611590629,0.236744759556104,0.0332922318125771
"Nick Young",0.481481481481481,0.377300613496933,0.861538461538462,65,162,326,0.0050251256281407,0.0279971284996411,0.0258435032304379,0.0897343862167983,0.417085427135678,0.0272792534099067
"Shaun Livingston",0.50887573964497,0,0.819672131147541,61,338,5,0.0186005314437555,0.0513728963684677,0.12400354295837,0.116031886625332,0.348981399468556,0.0310008857395926
"David West",0.575675675675676,0.375,0.759493670886076,79,370,8,0.0750750750750751,0.0800800800800801,0.138138138138138,0.238238238238238,0.495495495495495,0.047047047047047
"Zaza Pachulia",0.566539923954373,0,0.806451612903226,93,263,1,0.0174897119341564,0.0740740740740741,0.112139917695473,0.330246913580247,0.383744855967078,0.0390946502057613
"Patrick McCaw",0.503448275862069,0.2375,0.764705882352941,34,145,80,0.0104058272632674,0.0426638917793965,0.0842872008324662,0.0853277835587929,0.238293444328824,0.0447450572320499
"Kevon Looney",0.590425531914894,0.2,0.545454545454545,77,188,5,0.0615384615384615,0.0340659340659341,0.0461538461538462,0.236263736263736,0.293406593406593,0.0373626373626374
"Jordan Bell",0.640883977900553,0,0.681818181818182,44,181,4,0.069221260815822,0.0630407911001236,0.126081582200247,0.255871446229913,0.323856613102596,0.0432632880098888
"Omri Casspi",0.594594594594595,0.454545454545455,0.72463768115942,69,185,22,0.0256064690026954,0.0498652291105121,0.068733153638814,0.269541778975741,0.404312668463612,0.0242587601078167
"Quinn Cook",0.513513513513513,0.442307692307692,0.88,25,148,104,0.00134952766531714,0.0431848852901484,0.120107962213225,0.110661268556005,0.421052631578947,0.0161943319838057
"JaVale McGee",0.63849765258216,0,0.730769230769231,52,213,6,0.0926829268292683,0.0439024390243902,0.0536585365853659,0.27479674796748,0.504065040650406,0.0341463414634146
"James Harden",0.530949105914718,0.367036011080332,0.858321870701513,727,727,722,0.0196001568012544,0.123480987847903,0.246961975695806,0.152489219913759,0.858878871030968,0.0493923951391611
"PJ Tucker",0.435114503816794,0.370967741935484,0.716666666666667,60,131,310,0.0113985094256905,0.0324419114423498,0.0337571240683911,0.200350723366944,0.220078912757562,0.0341955282770715
"Trevor Ariza",0.518518518518518,0.367965367965368,0.853932584269663,89,189,462,0.00572939620978405,0.0229175848391362,0.0462758924636404,0.129572498898193,0.344645218157779,0.0431908329660643
"Eric Gordon",0.544198895027624,0.358552631578947,0.809128630705394,241,362,608,0.0125348189415042,0.0603528319405757,0.0714948932219127,0.0789229340761374,0.577065923862581,0.0204271123491179
"Clint Capela",0.653333333333333,0,0.560311284046693,257,675,1,0.0673549655850541,0.0506391347099312,0.0334316617502458,0.394296951819076,0.504424778761062,0.0285152409046214
"Chris Paul",0.532219570405728,0.379947229551451,0.918552036199095,221,419,379,0.00757985923118571,0.0693015701136979,0.247428262046562,0.169463995668652,0.585273416350839,0.0519761775852734
"Ryan Anderson",0.539007092198582,0.386430678466077,0.774193548387097,93,141,339,0.0121739130434783,0.0243478260869565,0.0347826086956522,0.191884057971014,0.35768115942029,0.0139130434782609
"Luc Mbah a Moute",0.598837209302326,0.364161849710983,0.684210526315789,95,172,173,0.0159846547314578,0.0434782608695652,0.0351662404092072,0.118925831202046,0.294117647058824,0.0460358056265985
"Gerald Green",0.504347826086956,0.369127516778524,0.85,60,115,298,0.0161463939720129,0.0333692142088267,0.0269106566200215,0.143164693218515,0.534983853606028,0.0258342303552207
"Nene",0.573839662447257,0,0.635514018691589,107,237,2,0.0184696569920844,0.050131926121372,0.0593667546174142,0.232189973614776,0.448548812664908,0.0369393139841689
"Tarik Black",0.637931034482759,0.0909090909090909,0.46031746031746,63,116,11,0.0558659217877095,0.0651769087523277,0.0242085661080074,0.303538175046555,0.335195530726257,0.0391061452513966
"Joe Johnson",0.465753424657534,0.278688524590164,0.952380952380952,21,73,61,0.00198019801980198,0.0356435643564356,0.0752475247524752,0.128712871287129,0.275247524752475,0.0118811881188119
"Thaddeus Young",0.531478770131772,0.320441988950276,0.597826086956522,92,683,181,0.0138089758342923,0.0402761795166858,0.0583045646336786,0.196394322976601,0.366321442270809,0.0517836593785961
"Victor Oladipo",0.527533039647577,0.370967741935484,0.798913043478261,368,908,434,0.0223354231974922,0.0858150470219436,0.126567398119122,0.15282131661442,0.679858934169279,0.0693573667711599
"Bojan Bogdanovic",0.534334763948498,0.401554404145078,0.868292682926829,205,466,386,0.00324675324675325,0.0430194805194805,0.0482954545454545,0.109577922077922,0.463068181818182,0.0223214285714286
"Cory Joseph",0.456521739130435,0.352631578947368,0.74468085106383,94,414,190,0.0081447963800905,0.0393665158371041,0.117647058823529,0.119004524886878,0.293665158371041,0.0361990950226244
"Darren Collison",0.508083140877598,0.468292682926829,0.881944444444444,144,433,205,0.00743310208126858,0.0426164519326065,0.182358771060456,0.0882061446977205,0.423686818632309,0.045589692765114
"Lance Stephenson",0.494758909853249,0.288793103448276,0.661417322834646,127,477,232,0.00918918918918919,0.0708108108108108,0.127027027027027,0.229189189189189,0.409189189189189,0.0248648648648649
"Myles Turner",0.518672199170125,0.356687898089172,0.776699029126214,206,482,157,0.0642701525054466,0.0522875816993464,0.0473856209150327,0.227124183006536,0.450980392156863,0.0206971677559913
"Domantas Sabonis",0.524038461538462,0.351351351351351,0.75,224,624,37,0.0176795580110497,0.0756906077348066,0.0834254143646409,0.316022099447514,0.475690607734807,0.0220994475138122
"Joe Young",0.458333333333333,0.378787878787879,0.758620689655172,29,120,66,0.0017921146953405,0.046594982078853,0.0698924731182796,0.112903225806452,0.370967741935484,0.025089605734767
"Lou Williams",0.483516483516484,0.359073359073359,0.879837067209776,491,819,518,0.00733874082657397,0.0903823870220162,0.161066048667439,0.0764774044032445,0.688296639629201,0.0328312089609888
"DeAndre Jordan",0.645328719723183,0,0.580128205128205,312,578,0,0.0293025175402394,0.0565414775072225,0.0482872472141973,0.483285183656624,0.382583574081717,0.0160957490713991
"Austin Rivers",0.460674157303371,0.377777777777778,0.641509433962264,159,445,360,0.00777831793874575,0.0529897909577054,0.117647058823529,0.0704910063198833,0.44725328147788,0.0359747204666991
"Wesley Johnson",0.471204188481675,0.338983050847458,0.741379310344828,58,191,177,0.0417227456258412,0.0370121130551817,0.041049798115747,0.14535666218035,0.271197846567968,0.0511440107671602
"Montrezl Harrell",0.641404805914972,0.142857142857143,0.626126126126126,222,541,7,0.0402165506573859,0.0525908739365816,0.05723124516628,0.237432327919567,0.646558391337974,0.0278422273781903
"Sindarius Thornwell",0.447674418604651,0.377049180327869,0.670454545454545,88,172,61,0.0216262975778547,0.0458477508650519,0.0588235294117647,0.121107266435986,0.243944636678201,0.041522491349481
"Blake Griffin",0.48849104859335,0.342245989304813,0.785388127853881,219,391,187,0.00790166812993854,0.086918349429324,0.157155399473222,0.230026338893766,0.65496049165935,0.0263388937664618
"Milos Teodosic",0.4921875,0.379310344827586,0.847826086956522,46,128,232,0.00440917107583774,0.0855379188712522,0.184303350970018,0.111111111111111,0.378306878306878,0.0202821869488536
"Tobias Harris",0.501457725947522,0.414201183431953,0.8,80,343,169,0.0180995475113122,0.048868778280543,0.0886877828054299,0.174660633484163,0.559276018099548,0.0334841628959276
"Sam Dekker",0.592964824120603,0.166666666666667,0.660714285714286,56,199,60,0.0101925254813137,0.0373725934314836,0.043035107587769,0.197055492638732,0.343148357870895,0.0271800679501699
"Tyrone Wallace",0.483091787439614,0.25,0.782051282051282,78,207,40,0.0152761457109283,0.0540540540540541,0.0834312573443008,0.123384253819036,0.341950646298472,0.0317273795534665
"Jawun Evans",0.371859296482412,0.277777777777778,0.775510204081633,49,199,54,0.0077120822622108,0.0565552699228792,0.12853470437018,0.107969151670951,0.296915167095116,0.0462724935732648
"CJ Williams",0.546218487394958,0.282051282051282,0.8125,16,119,78,0.0183875530410184,0.0282885431400283,0.0608203677510608,0.0792079207920792,0.295615275813296,0.0438472418670438
"Danilo Gallinari",0.455172413793103,0.324324324324324,0.931034482758621,87,145,111,0.014903129657228,0.0387481371087928,0.0611028315946349,0.150521609538003,0.478390461997019,0.0178837555886736
"Kentavious CaldwellPope",0.472584856396867,0.383132530120482,0.788659793814433,194,383,415,0.0065093572009764,0.0394629780309194,0.0659072416598861,0.157445077298617,0.403580146460537,0.0431244914564687
"Kyle Kuzma",0.510743801652893,0.366359447004608,0.706730769230769,208,605,434,0.0141607663473553,0.0583090379008746,0.058725531028738,0.201166180758017,0.517284464806331,0.0204081632653061
"Julius Randle",0.575087310826543,0.222222222222222,0.717647058823529,425,859,45,0.0205479452054795,0.0972602739726027,0.0958904109589041,0.298630136986301,0.604109589041096,0.019634703196347
"Brandon Ingram",0.483231707317073,0.390476190476191,0.680851063829787,282,656,105,0.0217721518987342,0.0754430379746835,0.116455696202532,0.158987341772152,0.480506329113924,0.0227848101265823
"Lonzo Ball",0.420074349442379,0.305084745762712,0.450704225352113,71,269,295,0.0241573033707865,0.0764044943820225,0.21123595505618,0.202247191011236,0.296629213483146,0.049438202247191
"Brook Lopez",0.549145299145299,0.344615384615385,0.70253164556962,158,468,325,0.0564841498559078,0.0564841498559078,0.0726224783861671,0.169452449567723,0.553890489913545,0.0172910662824208
"Josh Hart",0.550561797752809,0.395939086294416,0.702127659574468,94,178,197,0.0109514031485284,0.0321697467488022,0.054757015742642,0.180013689253936,0.339493497604381,0.0321697467488022
"Jordan Clarkson",0.5054704595186,0.323809523809524,0.795454545454545,132,457,210,0.00238853503184713,0.0756369426751592,0.137738853503185,0.126592356687898,0.613853503184713,0.0310509554140127
"Larry Nance Jr",0.606425702811245,0.25,0.632183908045977,87,249,4,0.0216919739696312,0.044468546637744,0.061822125813449,0.308026030368764,0.390455531453362,0.0639913232104121
"Corey Brewer",0.542635658914729,0.186046511627907,0.666666666666667,51,129,43,0.0115273775216138,0.0547550432276657,0.0590778097982709,0.134005763688761,0.285302593659942,0.0590778097982709
"Tyler Ennis",0.476190476190476,0.25,0.758620689655172,29,168,56,0.0146412884333821,0.0556368960468521,0.153733528550512,0.13909224011713,0.32796486090776,0.0439238653001464
"Alex Caruso",0.506849315068493,0.302325581395349,0.7,30,73,43,0.0177935943060498,0.0747330960854092,0.133451957295374,0.115658362989324,0.238434163701068,0.0409252669039146
"Marc Gasol",0.455820476858345,0.340625,0.833827893175074,337,713,320,0.0419435215946844,0.0805647840531561,0.126661129568106,0.245847176079734,0.522425249169435,0.0224252491694352
"Dillon Brooks",0.484251968503937,0.356060606060606,0.746987951807229,166,508,264,0.00723404255319149,0.0527659574468085,0.0574468085106383,0.10936170212766,0.382127659574468,0.031063829787234
"Jarell Martin",0.469849246231156,0.346938775510204,0.767241379310345,116,398,98,0.0295003010234798,0.0517760385310054,0.0439494280553883,0.191450933172787,0.340156532209512,0.0234798314268513
"Tyreke Evans",0.481835564053537,0.398601398601399,0.784688995215311,209,523,286,0.0105787181082763,0.0728064716863721,0.167392657125078,0.164903546981954,0.628500311138768,0.0354698195395146
"JaMychal Green",0.498614958448753,0.338582677165354,0.720720720720721,111,361,127,0.0162127107652399,0.0492866407263294,0.0512321660181582,0.300907911802853,0.369001297016861,0.0207522697795071
"Mario Chalmers",0.456349206349206,0.277486910994764,0.855072463768116,138,252,191,0.00985221674876847,0.0823363828289937,0.138634764250528,0.110485573539761,0.356790992258973,0.055594651653765
"Andrew Harrison",0.466898954703833,0.330985915492958,0.779874213836478,159,287,142,0.0196078431372549,0.0610859728506787,0.133484162895928,0.0987933634992458,0.401960784313726,0.028657616892911
"Ben McLemore",0.476635514018692,0.345911949685535,0.828125,64,214,159,0.0137488542621448,0.0559120073327223,0.0467461044912924,0.127406049495875,0.386801099908341,0.0348304307974335
"James Ennis III",0.565217391304348,0.357142857142857,0.876712328767123,73,138,84,0.0113960113960114,0.0360873694207028,0.0465337132003799,0.149097815764482,0.294396961063628,0.0294396961063628
"Deyonta Davis",0.607547169811321,0,0.666666666666667,57,265,0,0.0413573700954401,0.0339342523860021,0.0424178154825027,0.265111346765642,0.381760339342524,0.0159066808059385
"Wayne Selden",0.45578231292517,0.401639344262295,0.745762711864407,59,147,122,0.00722543352601156,0.0780346820809249,0.0953757225433526,0.0809248554913295,0.469653179190751,0.0260115606936416
"Chandler Parsons",0.504424778761062,0.421487603305785,0.62962962962963,27,113,121,0.0159189580318379,0.0506512301013025,0.0998552821997106,0.130246020260492,0.410998552821997,0.0260492040520984
"Kobi Simmons",0.46,0.282051282051282,1,25,150,39,0.00777604976671851,0.0684292379471229,0.105754276827372,0.0777604976671851,0.304821150855365,0.0279937791601866
"Ivan Rabb",0.565789473684211,0,0.805555555555556,36,152,0,0.0251937984496124,0.0678294573643411,0.062015503875969,0.306201550387597,0.38953488372093,0.0232558139534884
"Josh Richardson",0.495446265938069,0.37797619047619,0.845070422535211,142,549,336,0.0278914094458907,0.0520639642989959,0.0859055410933433,0.105987355894385,0.388620304946077,0.0449981405727036
"Goran Dragic",0.481290322580645,0.37,0.800738007380074,271,775,300,0.00504625735912532,0.0698065601345669,0.150967199327166,0.129100084104289,0.544995794785534,0.0264928511354079
"Tyler Johnson",0.490956072351421,0.367283950617284,0.821705426356589,129,387,324,0.0165692007797271,0.0394736842105263,0.0804093567251462,0.120857699805068,0.410818713450292,0.0292397660818713
"Wayne Ellington",0.479338842975207,0.392055267702936,0.858974358974359,78,121,579,0.00391964723174914,0.0254777070063694,0.0387065164135228,0.106810387065164,0.423321901028907,0.0259676629103381
"James Johnson",0.587412587412587,0.308108108108108,0.697530864197531,162,429,185,0.0262480699948533,0.0725681935151827,0.144107050952136,0.184251158003088,0.40555841482244,0.036026762738034
"Kelly Olynyk",0.589887640449438,0.378571428571429,0.770114942528736,174,356,280,0.0196739741427768,0.0826306913996627,0.116357504215852,0.242270938729623,0.490163012928612,0.0348510399100618
"Justise Winslow",0.440111420612813,0.37984496124031,0.634615384615385,104,359,129,0.0196428571428571,0.0458333333333333,0.0880952380952381,0.220238095238095,0.314880952380952,0.0321428571428571
"Bam Adebayo",0.522522522522523,0,0.720670391061452,179,333,7,0.0299707602339181,0.0482456140350877,0.0738304093567251,0.278508771929825,0.348684210526316,0.0233918128654971
"Hassan Whiteside",0.538194444444444,1,0.703296703296703,182,576,2,0.0689149560117302,0.0674486803519062,0.0395894428152493,0.45307917888563,0.552785923753666,0.0271260997067449
"Dion Waiters",0.4625,0.305882352941176,0.739130434782609,69,240,170,0.00980392156862745,0.0762527233115468,0.123093681917211,0.0838779956427015,0.467320261437909,0.0250544662309368
"Khris Middleton",0.516763005780347,0.358722358722359,0.883977900552486,362,865,407,0.00704225352112676,0.0640509725016767,0.109993293091885,0.143863179074447,0.553990610328638,0.039906103286385
"Giannis Antetokounmpo",0.553882725832013,0.307142857142857,0.759750390015601,641,1262,140,0.0384615384615385,0.0809143686502177,0.130986937590711,0.27322206095791,0.730769230769231,0.0395500725689405
"Eric Bledsoe",0.549833887043189,0.348703170028818,0.795379537953795,303,602,347,0.0178651183564091,0.0920053595355069,0.161232693166592,0.123715944618133,0.565430995980348,0.064761054041983
"Tony Snell",0.490445859872611,0.402985074626866,0.791666666666667,48,157,268,0.0136385776911836,0.017535314174379,0.0477350219191427,0.0686799805163176,0.251339503166098,0.0228933268387725
"John Henson",0.577777777777778,0.142857142857143,0.569620253164557,158,495,7,0.0553580497714576,0.04266124936516,0.0578974098527171,0.260538344337227,0.337734890807517,0.0228542407313357
"Malcolm Brogdon",0.532163742690059,0.385093167701863,0.882352941176471,85,342,161,0.00905292479108635,0.0459610027855153,0.105849582172702,0.108635097493036,0.435236768802228,0.0285515320334262
"Thon Maker",0.466981132075472,0.298076923076923,0.698924731182796,93,212,104,0.04281098546042,0.0355411954765751,0.037156704361874,0.181744749596123,0.287560581583199,0.0306946688206785
"Jason Terry",0.487179487179487,0.347826086956522,0.888888888888889,9,39,115,0.015970515970516,0.0307125307125307,0.0724815724815725,0.058968058968059,0.203931203931204,0.0515970515970516
"Sterling Brown",0.43859649122807,0.351648351648352,0.875,24,114,91,0.0167525773195876,0.0322164948453608,0.0322164948453608,0.184278350515464,0.279639175257732,0.0399484536082474
"Jabari Parker",0.51394422310757,0.382716049382716,0.740740740740741,54,251,81,0.0134589502018843,0.0605652759084791,0.0794078061911171,0.203230148048452,0.526244952893674,0.0336473755047106
"Matthew Dellavedova",0.351351351351351,0.371794871794872,0.925925925925926,27,74,78,0,0.0688202247191011,0.203651685393258,0.0898876404494382,0.230337078651685,0.0196629213483146
"Andrew Wiggins",0.475051975051975,0.331360946745562,0.643312101910828,314,962,338,0.0171198388721047,0.0463242698892246,0.0537092984222894,0.120174555219872,0.487411883182276,0.0305471634776771
"KarlAnthony Towns",0.585118376550169,0.421052631578947,0.858208955223881,402,887,285,0.0394105551747772,0.0544893762851268,0.0681973954763537,0.34681288553804,0.597326936257711,0.021932830705963
"Taj Gibson",0.595441595441595,0.2,0.767567567567568,185,702,35,0.0216434336023478,0.0326485693323551,0.0363169479090242,0.214233308877476,0.366471019809244,0.0227439471753485
"Jeff Teague",0.477031802120141,0.368421052631579,0.845188284518828,239,566,228,0.0099524015577672,0.0765902206836867,0.212894850713977,0.0904370402423193,0.430116832540026,0.0441367373431415
"Jimmy Butler",0.509015256588072,0.35,0.854117647058823,425,721,200,0.011090573012939,0.0499075785582255,0.133086876155268,0.145101663585952,0.603974121996303,0.0536044362292052
"Jamal Crawford",0.476635514018692,0.331210191082803,0.902654867256637,113,428,314,0.00544464609800363,0.0574712643678161,0.111917725347852,0.0598911070780399,0.497277676950998,0.0241984271022384
"Tyus Jones",0.527638190954774,0.348837209302326,0.876543209876543,81,199,129,0.00408997955010225,0.0402181322426721,0.158145875937287,0.0899795501022495,0.283571915473756,0.0647580095432856
"Nemanja Bjelica",0.50531914893617,0.415300546448087,0.8,45,188,183,0.0116703136396791,0.037928519328957,0.062727935813275,0.199854121079504,0.331145149525894,0.0364697301239971
"Gorgui Dieng",0.510703363914373,0.311475409836066,0.774509803921569,102,327,61,0.0292573143285821,0.0442610652663166,0.0532633158289572,0.27006751687922,0.352588147036759,0.0337584396099025
"Jrue Holiday",0.557432432432432,0.337078651685393,0.785714285714286,238,888,356,0.0218653911855142,0.0727707550392894,0.166040314314998,0.124701059104886,0.525111035189614,0.0420225486846601
"Anthony Davis",0.557692307692308,0.339506172839506,0.827759197324415,598,1300,162,0.0707737440410708,0.0594059405940594,0.0638063806380638,0.305097176384305,0.773744041070774,0.0421708837550422
"ETwaun Moore",0.555555555555556,0.425249169435216,0.705882352941177,68,531,301,0.00464037122969838,0.0394431554524362,0.0723124516627997,0.0920340293890178,0.395204949729312,0.0305491105955143
"Darius Miller",0.534883720930233,0.410614525139665,0.865671641791045,67,129,358,0.00874035989717224,0.0298200514138817,0.0570694087403599,0.0843187660668381,0.327506426735219,0.0143958868894602
"DeMarcus Cousins",0.529824561403509,0.353741496598639,0.746192893401015,394,570,294,0.0437535981577432,0.139320667818077,0.147956246401842,0.355210132412205,0.696603339090386,0.0454807138744963
"Rajon Rondo",0.526162790697674,0.333333333333333,0.543478260869565,46,344,150,0.00586510263929619,0.0885630498533724,0.312609970674487,0.15425219941349,0.314956011730205,0.0410557184750733
"Ian Clark",0.533333333333333,0.317948717948718,0.76271186440678,59,300,195,0.00687285223367698,0.0391752577319588,0.0756013745704467,0.0872852233676976,0.378694158075601,0.022680412371134
"Dante Cunningham",0.547008547008547,0.324074074074074,0.555555555555556,36,117,108,0.0143497757847534,0.0143497757847534,0.0233183856502242,0.173094170403587,0.226905829596413,0.0242152466367713
"Jameer Nelson",0.463157894736842,0.363636363636364,0.764705882352941,17,95,110,0.00334075723830735,0.0623608017817372,0.173719376391982,0.106904231625835,0.246102449888641,0.0256124721603563
"Nikola Mirotic",0.524324324324324,0.33502538071066,0.810344827586207,58,185,197,0.0298165137614679,0.0355504587155963,0.0470183486238532,0.282110091743119,0.503440366972477,0.033256880733945
"Cheick Diallo",0.579545454545455,0,0.757575757575757,66,176,0,0.036144578313253,0.0481927710843374,0.0327022375215146,0.363166953528399,0.437177280550775,0.0189328743545611
"Courtney Lee",0.482180293501048,0.406474820143885,0.919354838709677,124,477,278,0.00735930735930736,0.0363636363636364,0.0779220779220779,0.096969696969697,0.395238095238095,0.0346320346320346
"Tim Hardaway Jr",0.515695067264574,0.317073170731707,0.815642458100559,179,446,410,0.00530503978779841,0.0488063660477454,0.0822281167108753,0.118832891246684,0.528381962864721,0.0328912466843501
"Enes Kanter",0.593530239099859,0,0.847826086956522,184,711,2,0.0202185792349727,0.0666666666666667,0.0573770491803279,0.426229508196721,0.546448087431694,0.019672131147541
"Frank Ntilikina",0.384839650145773,0.318471337579618,0.720588235294118,68,343,157,0.0105509964830012,0.0767878077373974,0.146541617819461,0.103751465416178,0.271395076201641,0.0381008206330598
"Michael Beasley",0.520110957004161,0.395348837209302,0.779874213836478,159,721,86,0.0260133091349062,0.0865093768905021,0.0744101633393829,0.250453720508167,0.590441621294616,0.0217785843920145
"Kristaps Porzingis",0.453857791225416,0.394736842105263,0.792727272727273,275,661,228,0.0740502253702511,0.0598840952994205,0.0367031551835158,0.203477141017386,0.700579523502898,0.0231809401159047
"Jarrett Jack",0.459383753501401,0.290697674418605,0.84,75,357,86,0.00258397932816537,0.0742894056847545,0.224806201550388,0.123385012919897,0.301033591731266,0.022609819121447
"Kyle OQuinn",0.599455040871935,0.235294117647059,0.771653543307087,127,367,17,0.0706560922855083,0.0720980533525595,0.113914924297044,0.33886085075703,0.396539293439077,0.0259552992069214
"Lance Thomas",0.363636363636364,0.403225806451613,0.830188679245283,53,143,124,0.0103473762010347,0.0295639320029564,0.032520325203252,0.129342202512934,0.220251293422025,0.0221729490022173
"Doug McDermott",0.513089005235602,0.386861313868613,0.754716981132076,53,191,137,0.0102389078498294,0.0290102389078498,0.0426621160409556,0.114334470989761,0.33703071672355,0.00853242320819113
"Trey Burke",0.555555555555556,0.361904761904762,0.649122807017544,57,279,105,0.00509554140127389,0.0547770700636943,0.21656050955414,0.0904458598726115,0.587261146496815,0.0305732484076433
"Russell Westbrook",0.484937545922116,0.297546012269939,0.736749116607774,566,1361,326,0.00686341798215511,0.130748112560055,0.28140013726836,0.275909402882636,0.695950583390529,0.0504461221688401
"Paul George",0.454172366621067,0.400656814449918,0.822384428223844,411,731,609,0.0134901418194396,0.0733310273261847,0.0909719820131442,0.154617779315116,0.599792459356624,0.0556900726392252
"Carmelo Anthony",0.436599423631124,0.356540084388186,0.766839378238342,193,694,474,0.0195921631347461,0.0395841663334666,0.0411835265893643,0.181127548980408,0.504198320671731,0.0187924830067973
"Steven Adams",0.630985915492958,0,0.559440559440559,286,710,2,0.0313630880579011,0.0514676316847608,0.035383996783273,0.275432247687977,0.424607961399276,0.0369923602734218
"Jerami Grant",0.61271676300578,0.290909090909091,0.675,240,346,110,0.0467516697024894,0.0327868852459016,0.034608378870674,0.193685488767456,0.414086217364906,0.0188221007893139
"Raymond Felton",0.444099378881988,0.352173913043478,0.818181818181818,44,322,230,0.0117216117216117,0.0556776556776557,0.148717948717949,0.114285714285714,0.413919413919414,0.0358974358974359
"Patrick Patterson",0.421052631578947,0.385964912280702,0.869565217391304,46,95,171,0.0181102362204724,0.0259842519685039,0.0448818897637795,0.151968503937008,0.250393700787402,0.0377952755905512
"Alex Abrines",0.442857142857143,0.380090497737557,0.847826086956522,46,70,221,0.00705467372134039,0.0220458553791887,0.0246913580246914,0.100529100529101,0.311287477954145,0.0335097001763668
"Andre Roberson",0.626984126984127,0.222222222222222,0.315789473684211,38,126,36,0.0337512054001929,0.0289296046287367,0.0443587270973963,0.178399228543877,0.187078109932498,0.0433944069431051
"Josh Huestis",0.402985074626866,0.28695652173913,0.3,20,67,115,0.0437881873727088,0.0264765784114053,0.0203665987780041,0.163951120162933,0.161914460285132,0.0152749490835031
"Terrance Ferguson",0.612244897959184,0.333333333333333,0.9,10,49,120,0.0131061598951507,0.0144167758846658,0.0249017038007864,0.0615989515072084,0.247706422018349,0.0314547837483617
"Corey Brewer",0.532467532467532,0.343283582089552,0.794871794871795,39,77,67,0.0116731517509728,0.0214007782101167,0.0466926070038911,0.118677042801556,0.35408560311284,0.0739299610894942
"Jonathon Simmons",0.511669658886894,0.338235294117647,0.767634854771784,241,557,204,0.007885657959586,0.0719566288812223,0.0842779694430754,0.117792015771316,0.474125184820108,0.0285855101034993
"Aaron Gordon",0.497131931166348,0.33625730994152,0.697777777777778,225,523,342,0.0235725510738607,0.0560502881089576,0.07124148768989,0.239392352016763,0.535358826610791,0.0309062336301729
"Evan Fournier",0.516059957173448,0.37910447761194,0.867052023121387,173,467,335,0.00870985302123027,0.0517147523135547,0.0898203592814371,0.0979858464888405,0.551442569406641,0.0255851932498639
"DJ Augustin",0.485074626865672,0.419117647058824,0.867724867724868,189,268,272,0,0.0698863636363636,0.163068181818182,0.0909090909090909,0.435227272727273,0.0306818181818182
"Nikola Vucevic",0.526729559748428,0.313725490196078,0.819148936170213,94,636,204,0.0368389780154486,0.0647653000594177,0.113487819370172,0.310754604872252,0.557932263814617,0.0332739156268568
"Mario Hezonja",0.522857142857143,0.337078651685393,0.819047619047619,105,350,267,0.0187085093542547,0.051901025950513,0.063971031985516,0.169583584791792,0.435727217863609,0.0488835244417622
"Bismack Biyombo",0.521367521367521,0,0.64968152866242,157,351,1,0.0635451505016722,0.0561872909698997,0.0441471571906355,0.31304347826087,0.31304347826087,0.0140468227424749
"Shelvin Mack",0.472727272727273,0.345323741007194,0.711340206185567,97,275,139,0.00586080586080586,0.0652014652014652,0.199267399267399,0.121611721611722,0.346520146520147,0.0395604395604396
"Elfrid Payton",0.544757033248082,0.373134328358209,0.631578947368421,114,391,67,0.0127287191726333,0.0906921241050119,0.218774860779634,0.138424821002387,0.455847255369928,0.050914876690533
"Wes Iwundu",0.488372093023256,0.195652173913043,0.723404255319149,47,172,46,0.0117647058823529,0.0294117647058824,0.0558823529411765,0.134313725490196,0.224509803921569,0.0323529411764706
"Arron Afflalo",0.41304347826087,0.385714285714286,0.846153846153846,26,92,70,0.0131964809384164,0.030791788856305,0.0439882697947214,0.0967741935483871,0.262463343108504,0.00586510263929619
"Marreese Speights",0.448275862068966,0.369098712446352,0.727272727272727,55,116,233,0.0325925925925926,0.0592592592592593,0.0592592592592593,0.197037037037037,0.595555555555556,0.0118518518518519
"Terrence Ross",0.469387755102041,0.32258064516129,0.75,36,98,93,0.0183333333333333,0.0483333333333333,0.0633333333333333,0.121666666666667,0.348333333333333,0.045
"Khem Birch",0.53968253968254,0,0.688524590163934,61,126,0,0.0363321799307958,0.0363321799307958,0.0588235294117647,0.311418685121107,0.307958477508651,0.0259515570934256
"Jonathan Isaac",0.393939393939394,0.347826086956522,0.76,25,99,46,0.0559701492537313,0.0503731343283582,0.0335820895522388,0.184701492537313,0.270522388059701,0.0615671641791045
"Ben Simmons",0.551165146909828,0,0.560117302052786,341,987,11,0.0256222547584187,0.101756954612006,0.24194729136164,0.241215226939971,0.468155197657394,0.0512445095168375
"Robert Covington",0.496503496503497,0.369090909090909,0.852941176470588,136,286,550,0.028436018957346,0.0497630331753555,0.0616113744075829,0.171011058451817,0.398499210110585,0.0541074249605055
"Dario Saric",0.5010183299389,0.393483709273183,0.859903381642512,207,491,399,0.00865800865800866,0.0640692640692641,0.0874458874458875,0.225108225108225,0.493939393939394,0.0220779220779221
"JJ Redick",0.503579952267303,0.419565217391304,0.903669724770642,218,419,460,0.00283553875236295,0.0486767485822306,0.0992438563327032,0.0841209829867675,0.566162570888469,0.0165406427221172
"Joel Embiid",0.527315914489311,0.308411214953271,0.768736616702355,467,842,214,0.0580543933054393,0.122384937238494,0.10407949790795,0.360878661087866,0.755753138075314,0.0209205020920502
"TJ McConnell",0.50974930362117,0.435483870967742,0.794871794871795,39,359,62,0.00762016412661196,0.0656506447831184,0.177608440797186,0.132473622508792,0.280187573270809,0.0539273153575615
"Amir Johnson",0.570175438596491,0.3125,0.611764705882353,85,228,32,0.0375747224594364,0.0469684030742955,0.100768573868488,0.281810418445773,0.292058070025619,0.0384286934244236
"Jerryd Bayless",0.474137931034483,0.36986301369863,0.795454545454545,44,116,146,0.00648648648648649,0.0497297297297297,0.0583783783783784,0.0864864864864865,0.331891891891892,0.0248648648648649
"Timothe LuwawuCabarrot",0.431192660550459,0.335443037974684,0.793103448275862,58,109,158,0.00620347394540943,0.0471464019851117,0.0669975186104218,0.0893300248138958,0.370967741935484,0.0148883374689826
"Richaun Holmes",0.623809523809524,0.129032258064516,0.660714285714286,56,210,31,0.0388739946380697,0.0335120643431635,0.081769436997319,0.2828418230563,0.416890080428954,0.0268096514745308
"Marco Belinelli",0.618320610687023,0.385135135135135,0.87037037037037,54,131,148,0.0122116689280868,0.0542740841248304,0.0610583446404342,0.0691994572591588,0.515603799185889,0.0271370420624152
"Ersan Ilyasova",0.488372093023256,0.36144578313253,0.733333333333333,45,129,83,0.0162454873646209,0.0523465703971119,0.0703971119133574,0.277978339350181,0.449458483754513,0.0306859205776173
"Justin Anderson",0.535353535353535,0.330097087378641,0.736842105263158,38,99,103,0.0134874759152216,0.0308285163776493,0.0481695568400771,0.179190751445087,0.454720616570328,0.0289017341040462
"TJ Warren",0.523124357656732,0.222222222222222,0.756862745098039,255,973,90,0.019140989729225,0.0396825396825397,0.0396825396825397,0.15546218487395,0.593370681605976,0.0303454715219421
"Dragan Bender",0.425925925925926,0.366459627329193,0.764705882352941,51,162,322,0.0256162397293378,0.0541324311261479,0.0628322861285645,0.174480425326245,0.25664572257129,0.0106331561140648
"Josh Jackson",0.464335664335664,0.262672811059908,0.634408602150538,279,715,217,0.0178662582950485,0.074527820316488,0.0607452782031649,0.179173047473201,0.516590096988259,0.0408371618172537
"Devin Booker",0.459701492537313,0.3828125,0.878419452887538,329,670,384,0.00750670241286863,0.10402144772118,0.135656836461126,0.13083109919571,0.72171581769437,0.025201072386059
"Tyler Ulis",0.424691358024691,0.287671232876712,0.831683168316832,101,405,146,0.00422195416164053,0.0765983112183353,0.187575392038601,0.0772014475271411,0.334137515078408,0.0422195416164053
"Troy Daniels",0.418803418803419,0.399563318777293,0.875,64,117,458,0.0030826140567201,0.0345252774352651,0.0295930949445129,0.0782983970406905,0.433415536374846,0.0160295930949445
"Marquese Chriss",0.508710801393728,0.294736842105263,0.607594936708861,158,287,190,0.045841519318926,0.0700720366732155,0.054354944335298,0.258677144728225,0.364112639161755,0.0333988212180747
"Alex Len",0.568,0.333333333333333,0.683982683982684,231,375,3,0.0437275985663082,0.0559139784946237,0.0587813620071685,0.371326164874552,0.42078853046595,0.0193548387096774
"Tyson Chandler",0.647058823529412,0,0.623655913978495,93,187,0,0.0234578627280626,0.05125977410947,0.0460469157254561,0.363162467419635,0.260642919200695,0.0139009556907037
"Jared Dudley",0.452380952380952,0.3625,0.771428571428572,35,42,80,0.0160349854227405,0.0408163265306122,0.113702623906706,0.137026239067055,0.221574344023324,0.0349854227405248
"Mike James",0.441860465116279,0.268041237113402,0.761904761904762,84,215,97,0.0104633781763827,0.0717488789237668,0.179372197309417,0.133034379671151,0.496263079222721,0.0403587443946188
"Elfrid Payton",0.467391304347826,0.2,0.685185185185185,54,184,25,0.0108892921960073,0.0980036297640653,0.214156079854809,0.181488203266788,0.406533575317604,0.0344827586206897
"CJ McCollum",0.464528668610301,0.397058823529412,0.836,250,1029,476,0.0119699042407661,0.0516415868673051,0.0930232558139535,0.109781121751026,0.59233926128591,0.0263337893296854
"Damian Lillard",0.501272264631043,0.360890302066773,0.91635687732342,538,786,629,0.0101123595505618,0.0771535580524345,0.180149812734082,0.121722846441948,0.734831460674157,0.0288389513108614
"Jusuf Nurkic",0.508474576271186,0,0.63003663003663,273,944,7,0.0531609195402299,0.0876436781609195,0.0684865900383142,0.339080459770115,0.542145593869732,0.0306513409961686
"AlFarouq Aminu",0.432098765432099,0.368731563421829,0.7375,80,243,339,0.0193050193050193,0.0381274131274131,0.0405405405405405,0.253378378378378,0.310810810810811,0.0381274131274131
"Evan Turner",0.485393258426966,0.318181818181818,0.850467289719626,107,445,132,0.0142576204523107,0.0486725663716814,0.0850540806293019,0.119960668633235,0.319075712881023,0.0231071779744346
"Shabazz Napier",0.450479233226837,0.376146788990826,0.840579710144927,138,313,218,0.00912052117263844,0.0586319218241042,0.0977198697068404,0.110749185667752,0.419543973941368,0.0527687296416938
"Pat Connaughton",0.505555555555556,0.352380952380952,0.840909090909091,44,180,210,0.0147849462365591,0.0288978494623656,0.0611559139784946,0.108198924731183,0.296370967741935,0.0154569892473118
"Ed Davis",0.584192439862543,0,0.666666666666667,111,291,1,0.035350101971448,0.0448674371176071,0.0271923861318831,0.390890550645819,0.28144119646499,0.0217539089055065
"Maurice Harkless",0.547486033519553,0.415254237288136,0.711864406779661,59,179,118,0.0340189873417722,0.0316455696202532,0.0419303797468354,0.128164556962025,0.304588607594937,0.0379746835443038
"Zach Collins",0.454545454545455,0.309734513274336,0.642857142857143,42,176,113,0.0296650717703349,0.0555023923444976,0.0497607655502392,0.211483253588517,0.279425837320574,0.0162679425837321
"Bogdan Bogdanovic",0.485327313769752,0.39209726443769,0.840336134453782,119,443,329,0.00735632183908046,0.0574712643678161,0.118620689655172,0.102528735632184,0.421609195402299,0.0331034482758621
"Willie CauleyStein",0.505913272010513,0.25,0.619433198380567,247,761,12,0.0327788649706458,0.0533268101761252,0.0841487279843444,0.249510763209393,0.455968688845401,0.0376712328767123
"DeAaron Fox",0.436335403726708,0.30718954248366,0.723076923076923,195,644,153,0.00987166831194472,0.0853899308983218,0.157946692991115,0.100691016781836,0.416584402764067,0.0345508390918065
"Buddy Hield",0.457142857142857,0.431372549019608,0.876543209876543,81,525,408,0.0108695652173913,0.0612648221343874,0.0765810276679842,0.151679841897233,0.533102766798419,0.04199604743083
"Garrett Temple",0.441767068273092,0.392070484581498,0.769230769230769,78,249,227,0.01671826625387,0.0489164086687306,0.0767801857585139,0.0941176470588235,0.338699690402477,0.0352941176470588
"Zach Randolph",0.503246753246753,0.346938775510204,0.785046728971963,107,616,147,0.00663129973474801,0.0769230769230769,0.0842175066312997,0.263262599469496,0.568302387267904,0.0278514588859416
"Justin Jackson",0.547008547008547,0.308108108108108,0.722222222222222,36,234,185,0.00863213811420983,0.0265604249667995,0.049136786188579,0.124169986719788,0.300796812749004,0.0185922974767596
"Kosta Koufos",0.570694087403599,0,0.445945945945946,74,389,0,0.0230050323508267,0.0352264557872035,0.0625449317038102,0.339324227174694,0.342918763479511,0.0337886412652768
"Skal Labissiere",0.459459459459459,0.352941176470588,0.805084745762712,118,407,51,0.0395161290322581,0.0588709677419355,0.0580645161290323,0.232258064516129,0.421774193548387,0.0201612903225806
"George Hill",0.47979797979798,0.453125,0.777777777777778,99,198,128,0.010498687664042,0.05249343832021,0.10411198600175,0.102362204724409,0.385826771653543,0.0341207349081365
"Vince Carter",0.483050847457627,0.345454545454545,0.756756756756757,37,118,165,0.0253411306042885,0.0350877192982456,0.0672514619883041,0.144249512670565,0.305068226120858,0.0409356725146199
"Frank Mason",0.384353741496599,0.36046511627907,0.817391304347826,115,294,86,0.0101626016260163,0.0660569105691057,0.149390243902439,0.132113821138211,0.419715447154472,0.0345528455284553
"LaMarcus Aldridge",0.525896414342629,0.293478260869565,0.837092731829574,399,1255,92,0.0358708648864089,0.0442407333599043,0.0605819051414906,0.253088880031885,0.691510561976883,0.0171383021123954
"Patty Mills",0.470149253731343,0.371980676328502,0.889830508474576,118,268,414,0.00522069292833412,0.0503084954912197,0.108685334598956,0.0730897009966777,0.388704318936877,0.0261034646416706
"Kyle Anderson",0.556430446194226,0.333333333333333,0.712328767123288,146,381,57,0.0303336703741153,0.0475227502527806,0.102123356926188,0.200202224469161,0.295753286147624,0.0581395348837209
"Pau Gasol",0.481262327416174,0.358333333333333,0.755980861244019,209,507,120,0.043598233995585,0.0596026490066225,0.131346578366446,0.341611479028698,0.427704194260486,0.0132450331125828
"Danny Green",0.419087136929461,0.3625,0.769230769230769,65,241,320,0.0446677833612507,0.0413176996091569,0.0614182021217197,0.139028475711893,0.33500837520938,0.0351758793969849
"Dejounte Murray",0.453913043478261,0.264705882352941,0.709459459459459,148,575,34,0.0177854274239816,0.0768789443488239,0.132530120481928,0.263339070567986,0.375215146299484,0.0556511761331038
"Bryn Forbes",0.446096654275093,0.390350877192982,0.666666666666667,72,269,228,0.001318391562294,0.024390243902439,0.0527356624917601,0.0725115359261701,0.365853658536585,0.018457481872116
"Manu Ginobili",0.505535055350554,0.333333333333333,0.83969465648855,131,271,192,0.0123171670515781,0.0808314087759815,0.125481139337952,0.109314857582756,0.443418013856813,0.0331023864511162
"Rudy Gay",0.515513126491647,0.313559322033898,0.772413793103448,145,419,118,0.0308692120227457,0.0633631194151097,0.0593013809910642,0.236393176279448,0.532087733549959,0.0373679935012185
"Davis Bertans",0.587719298245614,0.373015873015873,0.816326530612245,49,114,252,0.0257589696412144,0.0331186752529899,0.0680772769089236,0.140754369825207,0.419503219871205,0.0239190432382705
"Tony Parker",0.478632478632479,0.27027027027027,0.705128205128205,78,351,37,0.000933706816059757,0.0634920634920635,0.182072829131653,0.0887021475256769,0.393090569561158,0.0261437908496732
"Brandon Paul",0.547945205479452,0.277777777777778,0.511627906976744,43,73,54,0.0121527777777778,0.0503472222222222,0.0642361111111111,0.118055555555556,0.255208333333333,0.0434027777777778
"Joffrey Lauvergne",0.52972972972973,0,0.638297872340426,47,185,5,0.00561797752808989,0.0617977528089888,0.0767790262172285,0.320224719101124,0.423220973782772,0.0168539325842697
"DeMar DeRozan",0.493783303730018,0.310104529616725,0.824686940966011,559,1126,287,0.00811209439528024,0.0645280235988201,0.153761061946903,0.116150442477876,0.678466076696165,0.0313421828908555
"Kyle Lowry",0.474137931034483,0.399328859060403,0.854406130268199,261,348,596,0.00757273814268633,0.0729374252690315,0.21402949382224,0.172977281785572,0.504982064567557,0.0338780390593862
"Serge Ibaka",0.558521560574949,0.36026936026936,0.796610169491525,118,487,297,0.0473005255613951,0.0430004777830865,0.0296225513616818,0.228380315336837,0.45819397993311,0.0138557095078834
"Jonas Valanciunas",0.587275693311582,0.405405405405405,0.805687203791469,211,613,74,0.0399536768963521,0.0665894614939201,0.0469021424435437,0.382165605095541,0.567458019687319,0.0167921250723799
"Pascal Siakam",0.612021857923497,0.21969696969697,0.620689655172414,87,366,132,0.0250148898153663,0.0399047051816557,0.0946992257296009,0.216795711733174,0.35080405002978,0.0369267421083979
"Jakob Poeltl",0.659685863874346,0.5,0.594059405940594,101,382,2,0.0656167979002625,0.0557742782152231,0.0374015748031496,0.257874015748031,0.372047244094488,0.0255905511811024
"Fred VanVleet",0.436619718309859,0.413793103448276,0.831683168316832,101,284,261,0.0125,0.0486842105263158,0.159868421052632,0.121052631578947,0.431578947368421,0.0447368421052632
"OG Anunoby",0.604026845637584,0.370558375634518,0.629032258064516,62,149,197,0.00945307224848076,0.0303848750844024,0.037137069547603,0.12424037812289,0.295746117488184,0.0351114112086428
"Delon Wright",0.519713261648746,0.366013071895425,0.829059829059829,117,279,153,0.0230286113049546,0.0544312630844382,0.139567341242149,0.138171667829728,0.387299371946964,0.0502442428471738
"CJ Miles",0.43448275862069,0.361233480176211,0.835051546391753,97,145,454,0.0157068062827225,0.0291697830964847,0.0411368735976066,0.113687359760658,0.522812266267764,0.0276738967838444
"Norman Powell",0.515957446808511,0.28494623655914,0.82051282051282,39,188,186,0.0150659133709981,0.0621468926553672,0.083804143126177,0.112052730696798,0.362523540489642,0.0348399246704331
"Donovan Mitchell",0.502463054187192,0.34,0.804713804713805,297,812,550,0.010235026535254,0.0815011372251706,0.110310841546626,0.112206216830933,0.612585291887794,0.0447308567096285
"Joe Ingles",0.515748031496063,0.439655172413793,0.795180722891566,83,254,464,0.00775795190069822,0.0616757176105508,0.152055857253685,0.133436772692009,0.364623739332816,0.034910783553142
"Ricky Rubio",0.451263537906137,0.351648351648352,0.866141732283465,254,554,273,0.00488021295474712,0.0918367346938776,0.18189884649512,0.155723158828749,0.447204968944099,0.0536823425022183
"Derrick Favors",0.596244131455399,0.222222222222222,0.651162790697674,215,639,63,0.0380863910822109,0.0408732001857873,0.0473757547607989,0.256386437529029,0.438457965629354,0.0250812819321876
"Rudy Gobert",0.621621621621622,0,0.682274247491639,299,444,0,0.0710352422907489,0.058920704845815,0.0440528634361234,0.330947136563877,0.416299559471366,0.0242290748898678
"Royce ONeale",0.469879518072289,0.355932203389831,0.802631578947368,76,166,118,0.0139130434782609,0.0478260869565217,0.0826086956521739,0.205217391304348,0.298260869565217,0.031304347826087
"Jonas Jerebko",0.510869565217391,0.414012738853503,0.807017543859649,57,184,157,0.0105820105820106,0.0238095238095238,0.037037037037037,0.216931216931217,0.378306878306878,0.0211640211640212
"Rodney Hood",0.455172413793103,0.389312977099237,0.876288659793814,97,290,262,0.00645756457564576,0.0581180811808118,0.0599630996309963,0.10239852398524,0.604243542435424,0.0276752767527675
"Alec Burks",0.452205882352941,0.330985915492958,0.862903225806452,124,272,142,0.00755429650613787,0.056657223796034,0.0632672332389046,0.181303116147309,0.466477809254013,0.0349386213408876
"Ekpe Udoh",0.504201680672269,0,0.75,56,119,1,0.091358024691358,0.0246913580246914,0.0654320987654321,0.185185185185185,0.2,0.0530864197530864
"Thabo Sefolosha",0.551282051282051,0.380952380952381,0.814814814814815,54,156,84,0.0148883374689826,0.0372208436724566,0.0409429280397022,0.199751861042184,0.387096774193548,0.0645161290322581
"Jae Crowder",0.461538461538462,0.315789473684211,0.767857142857143,56,143,152,0.0120967741935484,0.043010752688172,0.0551075268817204,0.137096774193548,0.428763440860215,0.0309139784946237
"Joe Johnson",0.507042253521127,0.273809523809524,0.833333333333333,24,142,84,0.00857142857142857,0.0442857142857143,0.0642857142857143,0.152857142857143,0.332857142857143,0.0171428571428571
"Bradley Beal",0.507337526205451,0.375471698113208,0.791327913279133,369,954,530,0.0120927107826671,0.071884447430299,0.125293920053745,0.121934833725227,0.623782331205912,0.032247228753779
"Otto Porter Jr",0.536713286713287,0.440894568690096,0.828125,128,572,313,0.0168654874537227,0.0308515014397367,0.0645824763471822,0.202385849444673,0.466474701768819,0.0477169888934595
"Kelly Oubre Jr",0.456057007125891,0.341463414634146,0.819742489270386,233,421,369,0.0156880322725235,0.0403406544150605,0.0439264903630659,0.162707306140744,0.427162707306141,0.0358583594800538
"Marcin Gortat",0.517857142857143,0,0.674846625766871,163,560,0,0.0293975903614458,0.047710843373494,0.0727710843373494,0.300240963855422,0.332530120481928,0.0192771084337349
"Markieff Morris",0.529166666666667,0.367149758454106,0.8203125,128,480,207,0.0193089430894309,0.0645325203252032,0.0721544715447155,0.207825203252033,0.427337398373984,0.0284552845528455
"Tomas Satoransky",0.54416961130742,0.465346534653465,0.78125,96,283,101,0.00912964090079124,0.0505173463177115,0.174071819841753,0.141813755325624,0.318928788800974,0.0316494217894096
"John Wall",0.436,0.37125748502994,0.726141078838174,241,500,167,0.0319148936170213,0.112056737588652,0.278723404255319,0.106382978723404,0.565248226950355,0.0404255319148936
"Mike Scott",0.581717451523546,0.404907975460123,0.657894736842105,76,361,163,0.00711237553342817,0.0561877667140825,0.0568990042674253,0.175675675675676,0.475106685633001,0.0163584637268848
"Ian Mahinmi",0.560975609756098,0,0.703125,128,246,2,0.0366812227074236,0.0873362445414847,0.0462882096069869,0.272489082969432,0.319650655021834,0.0331877729257642
"Jodie Meeks",0.46448087431694,0.342857142857143,0.863247863247863,117,183,210,0.00357462019660411,0.033065236818588,0.0625558534405719,0.112600536193029,0.43521000893655,0.0259159964253798
"Tim Frazier",0.439655172413793,0.303571428571429,0.766666666666667,30,116,56,0.00835322195704057,0.0680190930787589,0.231503579952267,0.137231503579952,0.210023866348449,0.0560859188544153
